{
  "pair": "EURUSD",
  "start_balance": 10000.0,
  "end_balance": 10000.121550334328,
  "net_pnl": 0.12155033432827622,
  "return_pct": 0.0012155033432881268,
  "n_trades": 34
}